Order_ID,Order_Date,Customer_ID,Product,Category,Region,Quantity,Unit_Price,Discount,Cost,Sales,Profit,Payment_Mode
ORD0001,2025-02-22,CUST1087,Smartphone,Electronics,North,1,20413.97,0.1,13446.91,18372.57,4925.66,Cash on Delivery
ORD0002,2025-01-14,CUST1072,Laptop,Electronics,South,1,55058.91,0.0,33256.27,55058.91,21802.64,Cash on Delivery
ORD0003,2025-03-23,CUST1090,Keyboard,Accessories,West,4,1932.95,0.2,4460.76,6185.44,1724.68,Debit Card
ORD0004,2025-02-17,CUST1049,Mouse,Accessories,North,2,870.59,0.05,1420.74,1654.12,233.38,Debit Card
ORD0005,2025-10-02,CUST1016,Office Chair,Furniture,West,5,8890.54,0.1,31950.75,40007.43,8056.68,UPI
ORD0006,2025-04-09,CUST1091,Shoes,Fashion,North,3,3111.45,0.2,7405.08,7467.48,62.4,UPI
ORD0007,2025-07-14,CUST1036,Keyboard,Accessories,West,3,1931.93,0.0,4124.67,5795.79,1671.12,Debit Card
ORD0008,2025-12-16,CUST1083,Headphones,Electronics,North,3,2383.49,0.1,4517.82,6435.42,1917.6,Credit Card
ORD0009,2025-11-24,CUST1089,Shoes,Fashion,South,2,3052.77,0.05,4259.62,5800.26,1540.64,Debit Card
ORD0010,2025-02-03,CUST1028,Laptop,Electronics,East,2,53912.81,0.0,82638.76,107825.62,25186.86,Credit Card
ORD0011,2025-10-15,CUST1069,Backpack,Bags,East,4,1670.27,0.15,4217.16,5678.92,1461.76,Cash on Delivery
ORD0012,2025-09-18,CUST1064,Watch,Fashion,North,4,4947.78,0.1,10886.96,17812.01,6925.05,UPI
ORD0013,2025-02-02,CUST1050,Smartphone,Electronics,West,2,21657.5,0.05,32912.88,41149.25,8236.37,Cash on Delivery
ORD0014,2025-02-28,CUST1088,Shoes,Fashion,East,3,2887.35,0.2,7345.86,6929.64,-416.22,Debit Card
ORD0015,2025-05-15,CUST1065,Smartphone,Electronics,South,3,19814.28,0.15,38909.61,50526.41,11616.8,UPI
ORD0016,2025-03-24,CUST1070,Mouse,Accessories,North,5,877.3,0.2,2698.75,3509.2,810.45,Debit Card
ORD0017,2025-06-07,CUST1031,Backpack,Bags,North,1,1936.34,0.0,1408.09,1936.34,528.25,Credit Card
ORD0018,2025-09-30,CUST1099,Watch,Fashion,South,1,4784.42,0.0,3298.4,4784.42,1486.02,Credit Card
ORD0019,2025-08-05,CUST1028,Backpack,Bags,South,5,1934.08,0.05,5546.4,9186.88,3640.48,Debit Card
ORD0020,2025-05-07,CUST1029,Desk,Furniture,North,3,6436.93,0.15,15110.61,16414.17,1303.56,Debit Card
ORD0021,2025-02-06,CUST1091,Laptop,Electronics,North,5,51922.39,0.2,167070.4,207689.56,40619.16,Credit Card
ORD0022,2025-12-09,CUST1063,Smartphone,Electronics,South,1,20847.22,0.1,12489.72,18762.5,6272.78,Credit Card
ORD0023,2025-07-28,CUST1025,Watch,Fashion,North,5,4475.68,0.15,13741.85,19021.64,5279.79,UPI
ORD0024,2025-01-28,CUST1087,Desk,Furniture,North,3,6972.99,0.15,12729.12,17781.12,5052.0,UPI
ORD0025,2025-08-18,CUST1018,Desk,Furniture,West,3,6097.27,0.0,11937.21,18291.81,6354.6,Credit Card
ORD0026,2025-10-09,CUST1013,Mouse,Accessories,North,4,823.57,0.05,2767.04,3129.57,362.53,UPI
ORD0027,2025-07-25,CUST1008,Smartphone,Electronics,South,2,21917.98,0.05,28670.56,41644.16,12973.6,Cash on Delivery
ORD0028,2025-05-27,CUST1055,Laptop,Electronics,West,4,58136.42,0.1,171958.48,209291.11,37332.63,Credit Card
ORD0029,2025-10-05,CUST1008,Keyboard,Accessories,East,3,1828.5,0.05,4277.76,5211.22,933.46,UPI
ORD0030,2025-03-22,CUST1008,Laptop,Electronics,North,5,58879.92,0.15,185820.95,250239.66,64418.71,Credit Card
ORD0031,2025-03-03,CUST1073,Smartphone,Electronics,South,5,20834.9,0.0,79068.35,104174.5,25106.15,UPI
ORD0032,2025-06-11,CUST1034,Watch,Fashion,South,1,4558.7,0.15,3214.54,3874.89,660.35,Debit Card
ORD0033,2025-08-23,CUST1041,Keyboard,Accessories,North,3,1852.38,0.15,3146.7,4723.57,1576.87,UPI
ORD0034,2025-04-20,CUST1065,Backpack,Bags,East,5,1646.37,0.2,7191.2,6585.48,-605.72,Credit Card
ORD0035,2025-10-06,CUST1091,Office Chair,Furniture,East,1,7918.17,0.05,5460.25,7522.26,2062.01,UPI
ORD0036,2025-03-01,CUST1014,Shoes,Fashion,South,3,2965.95,0.0,7533.42,8897.85,1364.43,Debit Card
ORD0037,2025-11-21,CUST1034,Mouse,Accessories,West,5,846.65,0.05,3282.3,4021.59,739.29,Debit Card
ORD0038,2025-06-20,CUST1099,Laptop,Electronics,South,1,49984.95,0.15,41653.54,42487.21,833.67,Debit Card
ORD0039,2025-02-27,CUST1010,Headphones,Electronics,South,4,2530.45,0.2,7264.16,8097.44,833.28,UPI
ORD0040,2025-06-07,CUST1047,Office Chair,Furniture,North,5,7866.66,0.2,24948.5,31466.64,6518.14,Debit Card
ORD0041,2025-07-28,CUST1080,Keyboard,Accessories,South,2,1821.56,0.0,2298.32,3643.12,1344.8,Credit Card
ORD0042,2025-06-20,CUST1053,Headphones,Electronics,South,2,2618.28,0.15,2780.98,4451.08,1670.1,Debit Card
ORD0043,2025-04-24,CUST1026,Headphones,Electronics,West,1,2679.3,0.15,1920.1,2277.41,357.31,Debit Card
ORD0044,2025-06-18,CUST1036,Mouse,Accessories,North,2,844.76,0.05,1000.64,1605.04,604.4,Debit Card
ORD0045,2025-06-19,CUST1004,Office Chair,Furniture,North,5,9084.22,0.15,30594.9,38607.93,8013.03,Debit Card
ORD0046,2025-06-26,CUST1094,Headphones,Electronics,East,5,2548.29,0.1,6994.55,11467.31,4472.76,Cash on Delivery
ORD0047,2025-05-11,CUST1006,Watch,Fashion,West,5,4568.93,0.0,14541.7,22844.65,8302.95,UPI
ORD0048,2025-12-07,CUST1043,Shoes,Fashion,East,5,2924.78,0.05,10256.9,13892.7,3635.8,UPI
ORD0049,2025-12-23,CUST1038,Mouse,Accessories,South,5,868.71,0.1,3225.25,3909.2,683.95,Credit Card
ORD0050,2025-10-08,CUST1001,Desk,Furniture,East,4,6241.23,0.05,18300.84,23716.67,5415.83,Debit Card
ORD0051,2025-08-15,CUST1057,Keyboard,Accessories,South,4,1736.01,0.2,5052.0,5555.23,503.23,Cash on Delivery
ORD0052,2025-06-21,CUST1012,Headphones,Electronics,South,1,2566.47,0.1,1697.16,2309.82,612.66,Debit Card
ORD0053,2025-09-01,CUST1079,Keyboard,Accessories,North,2,1708.14,0.05,2001.98,3245.47,1243.49,Cash on Delivery
ORD0054,2025-07-24,CUST1032,Desk,Furniture,South,5,6349.17,0.05,23711.55,30158.56,6447.01,UPI
ORD0055,2025-09-23,CUST1060,Smartphone,Electronics,North,4,24015.05,0.05,52269.52,91257.19,38987.67,Credit Card
ORD0056,2025-10-14,CUST1077,Smartphone,Electronics,East,4,22737.34,0.05,66031.16,86401.89,20370.73,Cash on Delivery
ORD0057,2025-03-23,CUST1096,Watch,Fashion,West,5,4543.08,0.15,17046.95,19308.09,2261.14,Cash on Delivery
ORD0058,2025-11-17,CUST1031,Mouse,Accessories,East,2,903.83,0.1,1334.62,1626.89,292.27,Cash on Delivery
ORD0059,2025-10-04,CUST1011,Smartphone,Electronics,South,3,21206.72,0.05,40783.29,60439.15,19655.86,Credit Card
ORD0060,2025-07-28,CUST1043,Keyboard,Accessories,West,4,1643.12,0.05,5231.56,6243.86,1012.3,Cash on Delivery
ORD0061,2025-12-23,CUST1003,Laptop,Electronics,West,2,57967.75,0.15,71210.62,98545.18,27334.56,Cash on Delivery
ORD0062,2025-08-03,CUST1069,Laptop,Electronics,South,3,58887.93,0.1,121830.84,158997.41,37166.57,Cash on Delivery
ORD0063,2025-12-09,CUST1087,Keyboard,Accessories,West,3,1759.99,0.15,3625.62,4487.97,862.35,Credit Card
ORD0064,2025-10-31,CUST1073,Backpack,Bags,North,2,1946.49,0.2,2460.72,3114.38,653.66,UPI
ORD0065,2025-06-17,CUST1028,Desk,Furniture,West,2,6188.2,0.15,7740.62,10519.94,2779.32,Debit Card
ORD0066,2025-05-10,CUST1011,Office Chair,Furniture,West,4,9064.27,0.1,25092.08,32631.37,7539.29,UPI
ORD0067,2025-11-30,CUST1006,Shoes,Fashion,North,1,2923.92,0.1,1939.38,2631.53,692.15,Credit Card
ORD0068,2025-12-09,CUST1015,Keyboard,Accessories,South,1,1665.44,0.2,1058.57,1332.35,273.78,Cash on Delivery
ORD0069,2025-02-28,CUST1100,Mouse,Accessories,South,3,983.47,0.05,1893.99,2802.89,908.9,Debit Card
ORD0070,2025-07-12,CUST1051,Smartphone,Electronics,South,5,22333.51,0.0,86044.4,111667.55,25623.15,UPI
ORD0071,2025-12-17,CUST1077,Watch,Fashion,North,2,4321.42,0.0,6518.68,8642.84,2124.16,UPI
ORD0072,2025-11-28,CUST1044,Office Chair,Furniture,North,5,7767.23,0.15,30403.65,33010.73,2607.08,Cash on Delivery
ORD0073,2025-08-24,CUST1091,Backpack,Bags,South,1,1848.81,0.15,1422.35,1571.49,149.14,Cash on Delivery
ORD0074,2025-09-05,CUST1060,Headphones,Electronics,West,5,2709.81,0.1,8799.75,12194.15,3394.4,Debit Card
ORD0075,2025-08-26,CUST1073,Office Chair,Furniture,West,2,8416.36,0.0,10535.44,16832.72,6297.28,Debit Card
ORD0076,2025-05-13,CUST1044,Laptop,Electronics,East,4,51833.32,0.1,131001.2,186599.95,55598.75,Debit Card
ORD0077,2025-07-28,CUST1063,Shoes,Fashion,South,1,2934.79,0.2,2518.45,2347.83,-170.62,Cash on Delivery
ORD0078,2025-12-21,CUST1032,Backpack,Bags,East,4,1699.77,0.0,4127.48,6799.08,2671.6,Debit Card
ORD0079,2025-10-09,CUST1043,Backpack,Bags,East,5,1978.79,0.2,5723.45,7915.16,2191.71,Cash on Delivery
ORD0080,2025-06-11,CUST1016,Mouse,Accessories,South,3,939.83,0.1,1640.61,2537.54,896.93,Credit Card
ORD0081,2025-09-26,CUST1077,Keyboard,Accessories,East,4,1971.58,0.1,5264.24,7097.69,1833.45,UPI
ORD0082,2025-12-29,CUST1069,Keyboard,Accessories,South,3,1728.82,0.05,3457.2,4927.14,1469.94,Debit Card
ORD0083,2025-11-23,CUST1097,Laptop,Electronics,West,1,59884.99,0.2,34266.88,47907.99,13641.11,UPI
ORD0084,2025-04-05,CUST1007,Laptop,Electronics,East,5,54345.16,0.1,183521.05,244553.22,61032.17,Cash on Delivery
ORD0085,2025-12-18,CUST1007,Smartphone,Electronics,South,1,22338.89,0.15,14804.61,18988.06,4183.45,Credit Card
ORD0086,2025-08-02,CUST1078,Watch,Fashion,South,3,4156.61,0.0,10779.48,12469.83,1690.35,Cash on Delivery
ORD0087,2025-06-06,CUST1073,Backpack,Bags,North,4,1976.41,0.1,5508.28,7115.08,1606.8,UPI
ORD0088,2025-03-30,CUST1071,Keyboard,Accessories,North,2,1676.54,0.1,2574.38,3017.77,443.39,Credit Card
ORD0089,2025-01-17,CUST1030,Laptop,Electronics,East,4,54669.04,0.15,158915.4,185874.74,26959.34,Debit Card
ORD0090,2025-11-17,CUST1076,Backpack,Bags,South,1,1903.62,0.05,1405.76,1808.44,402.68,Cash on Delivery
ORD0091,2025-03-14,CUST1010,Smartphone,Electronics,North,5,23797.01,0.05,78309.95,113035.8,34725.85,Credit Card
ORD0092,2025-08-28,CUST1089,Mouse,Accessories,East,5,889.05,0.2,3511.35,3556.2,44.85,Cash on Delivery
ORD0093,2025-01-21,CUST1056,Mouse,Accessories,East,5,824.48,0.2,3030.5,3297.92,267.42,Debit Card
ORD0094,2025-10-22,CUST1076,Laptop,Electronics,North,1,58695.54,0.05,43476.28,55760.76,12284.48,Debit Card
ORD0095,2025-05-23,CUST1024,Watch,Fashion,West,1,4636.36,0.05,3004.31,4404.54,1400.23,Cash on Delivery
ORD0096,2025-02-23,CUST1021,Smartphone,Electronics,East,4,21212.66,0.1,57383.64,76365.58,18981.94,Cash on Delivery
ORD0097,2025-08-21,CUST1012,Backpack,Bags,East,3,1818.03,0.15,4068.3,4635.98,567.68,Debit Card
ORD0098,2025-01-01,CUST1085,Office Chair,Furniture,West,1,9052.38,0.15,6512.93,7694.52,1181.59,Cash on Delivery
ORD0099,2025-11-17,CUST1057,Laptop,Electronics,North,2,57820.87,0.2,70448.94,92513.39,22064.45,Credit Card
ORD0100,2025-12-24,CUST1063,Mouse,Accessories,North,5,888.86,0.05,3518.65,4222.09,703.44,UPI
ORD0101,2025-07-28,CUST1012,Watch,Fashion,South,2,4062.31,0.05,5649.18,7718.39,2069.21,UPI
ORD0102,2025-09-18,CUST1091,Backpack,Bags,East,1,1877.98,0.05,1214.27,1784.08,569.81,Cash on Delivery
ORD0103,2025-04-08,CUST1077,Backpack,Bags,South,4,1672.07,0.05,4782.2,6353.87,1571.67,UPI
ORD0104,2025-01-02,CUST1037,Mouse,Accessories,East,4,901.39,0.1,2820.84,3245.0,424.16,Cash on Delivery
ORD0105,2025-10-06,CUST1049,Headphones,Electronics,West,4,2416.22,0.2,6710.84,7731.9,1021.06,Debit Card
ORD0106,2025-07-30,CUST1006,Keyboard,Accessories,East,2,1928.16,0.2,2324.68,3085.06,760.38,Cash on Delivery
ORD0107,2025-09-15,CUST1076,Desk,Furniture,East,4,5898.13,0.05,17519.64,22412.89,4893.25,UPI
ORD0108,2025-03-15,CUST1053,Backpack,Bags,South,1,1625.53,0.2,1399.7,1300.42,-99.28,UPI
ORD0109,2025-02-11,CUST1043,Backpack,Bags,West,3,1763.09,0.1,3811.41,4760.34,948.93,Debit Card
ORD0110,2025-12-17,CUST1037,Backpack,Bags,South,5,1704.52,0.0,6339.3,8522.6,2183.3,UPI
ORD0111,2025-01-15,CUST1006,Desk,Furniture,East,1,6752.2,0.0,4295.98,6752.2,2456.22,UPI
ORD0112,2025-07-30,CUST1073,Mouse,Accessories,South,3,853.96,0.1,1775.7,2305.69,529.99,Credit Card
ORD0113,2025-05-04,CUST1064,Headphones,Electronics,South,1,2559.86,0.2,1919.27,2047.89,128.62,Credit Card
ORD0114,2025-08-27,CUST1037,Backpack,Bags,South,3,1623.38,0.15,3314.7,4139.62,824.92,UPI
ORD0115,2025-12-20,CUST1033,Backpack,Bags,West,3,1966.33,0.2,3373.86,4719.19,1345.33,Debit Card
ORD0116,2025-07-03,CUST1074,Keyboard,Accessories,East,4,1757.29,0.15,4151.96,5974.79,1822.83,Debit Card
ORD0117,2025-01-26,CUST1078,Laptop,Electronics,West,4,59015.74,0.1,121445.4,212456.66,91011.26,Debit Card
ORD0118,2025-05-09,CUST1087,Keyboard,Accessories,South,5,1688.45,0.1,5442.75,7598.03,2155.28,UPI
ORD0119,2025-03-09,CUST1012,Laptop,Electronics,East,3,53513.47,0.15,92126.28,136459.35,44333.07,Debit Card
ORD0120,2025-07-07,CUST1068,Desk,Furniture,East,2,6551.23,0.05,7579.52,12447.34,4867.82,Credit Card
ORD0121,2025-02-28,CUST1060,Mouse,Accessories,North,4,870.97,0.1,2651.92,3135.49,483.57,Credit Card
ORD0122,2025-01-08,CUST1034,Keyboard,Accessories,North,4,1904.65,0.2,4618.4,6094.88,1476.48,Cash on Delivery
ORD0123,2025-07-10,CUST1014,Office Chair,Furniture,South,3,8735.53,0.2,16454.04,20965.27,4511.23,Cash on Delivery
ORD0124,2025-11-28,CUST1009,Laptop,Electronics,West,5,56210.9,0.2,173800.45,224843.6,51043.15,Debit Card
ORD0125,2025-09-10,CUST1015,Desk,Furniture,North,1,5898.38,0.05,3648.69,5603.46,1954.77,Credit Card
ORD0126,2025-12-23,CUST1070,Shoes,Fashion,West,2,3309.11,0.15,4245.84,5625.49,1379.65,Credit Card
ORD0127,2025-05-24,CUST1005,Desk,Furniture,East,1,7070.77,0.15,4575.43,6010.15,1434.72,Credit Card
ORD0128,2025-12-18,CUST1048,Backpack,Bags,East,4,1655.77,0.05,5499.8,6291.93,792.13,UPI
ORD0129,2025-08-21,CUST1012,Desk,Furniture,South,3,7083.71,0.05,15445.02,20188.57,4743.55,UPI
ORD0130,2025-04-16,CUST1009,Laptop,Electronics,South,3,58156.76,0.05,131538.87,165746.77,34207.9,Credit Card
ORD0131,2025-05-22,CUST1019,Keyboard,Accessories,South,3,1834.55,0.05,4034.67,5228.47,1193.8,Debit Card
ORD0132,2025-05-02,CUST1076,Headphones,Electronics,East,1,2429.12,0.0,1457.38,2429.12,971.74,UPI
ORD0133,2025-02-28,CUST1096,Headphones,Electronics,North,3,2460.48,0.0,4362.66,7381.44,3018.78,Cash on Delivery
ORD0134,2025-04-24,CUST1079,Backpack,Bags,North,3,1782.72,0.2,3771.45,4278.53,507.08,Debit Card
ORD0135,2025-08-07,CUST1088,Backpack,Bags,North,1,1925.03,0.0,1439.36,1925.03,485.67,Cash on Delivery
ORD0136,2025-03-06,CUST1036,Backpack,Bags,East,1,1673.4,0.0,1134.95,1673.4,538.45,Cash on Delivery
ORD0137,2025-02-20,CUST1090,Watch,Fashion,North,5,4594.88,0.1,14927.15,20676.96,5749.81,Credit Card
ORD0138,2025-07-24,CUST1054,Desk,Furniture,North,4,6925.64,0.05,16989.8,26317.43,9327.63,Debit Card
ORD0139,2025-08-31,CUST1009,Desk,Furniture,North,3,6048.43,0.1,12549.72,16330.76,3781.04,UPI
ORD0140,2025-03-08,CUST1072,Smartphone,Electronics,North,4,21439.65,0.0,64780.96,85758.6,20977.64,Debit Card
ORD0141,2025-08-05,CUST1093,Smartphone,Electronics,North,4,23940.97,0.1,67619.36,86187.49,18568.13,Debit Card
ORD0142,2025-03-21,CUST1085,Watch,Fashion,West,3,4506.67,0.1,7774.65,12168.01,4393.36,Credit Card
ORD0143,2025-10-21,CUST1029,Smartphone,Electronics,West,3,23155.46,0.2,42364.77,55573.1,13208.33,UPI
ORD0144,2025-06-08,CUST1044,Watch,Fashion,East,3,4682.43,0.0,8033.91,14047.29,6013.38,UPI
ORD0145,2025-11-21,CUST1004,Headphones,Electronics,North,2,2284.79,0.2,3571.68,3655.66,83.98,Credit Card
ORD0146,2025-06-16,CUST1100,Desk,Furniture,North,4,6331.07,0.15,16515.84,21525.64,5009.8,UPI
ORD0147,2025-08-15,CUST1085,Headphones,Electronics,West,2,2290.79,0.2,2812.2,3665.26,853.06,Cash on Delivery
ORD0148,2025-02-28,CUST1045,Watch,Fashion,West,4,4729.45,0.15,11129.24,16080.13,4950.89,UPI
ORD0149,2025-04-23,CUST1051,Mouse,Accessories,North,5,865.52,0.15,3067.8,3678.46,610.66,UPI
ORD0150,2025-05-29,CUST1042,Keyboard,Accessories,North,3,1895.1,0.05,4005.93,5401.03,1395.1,UPI
ORD0151,2025-04-28,CUST1065,Backpack,Bags,East,4,1811.73,0.05,4192.52,6884.57,2692.05,UPI
ORD0152,2025-06-10,CUST1074,Desk,Furniture,West,1,7047.51,0.15,3605.45,5990.38,2384.93,Cash on Delivery
ORD0153,2025-03-29,CUST1080,Desk,Furniture,West,3,7106.06,0.0,12699.54,21318.18,8618.64,Debit Card
ORD0154,2025-09-26,CUST1011,Smartphone,Electronics,West,4,22391.03,0.0,53752.96,89564.12,35811.16,Debit Card
ORD0155,2025-11-21,CUST1015,Office Chair,Furniture,South,2,7779.84,0.1,12661.26,14003.71,1342.45,Debit Card
ORD0156,2025-03-30,CUST1078,Office Chair,Furniture,South,2,8085.15,0.05,9786.92,15361.78,5574.86,UPI
ORD0157,2025-08-18,CUST1088,Headphones,Electronics,East,4,2629.94,0.15,7386.12,8941.8,1555.68,Debit Card
ORD0158,2025-05-21,CUST1076,Headphones,Electronics,North,4,2565.69,0.0,6672.32,10262.76,3590.44,Debit Card
ORD0159,2025-07-08,CUST1037,Shoes,Fashion,North,1,2904.07,0.1,2129.39,2613.66,484.27,UPI
ORD0160,2025-01-22,CUST1058,Watch,Fashion,South,5,4572.3,0.2,14537.7,18289.2,3751.5,Debit Card
ORD0161,2025-02-22,CUST1044,Watch,Fashion,North,4,4105.69,0.2,10578.88,13138.21,2559.33,Credit Card
ORD0162,2025-11-09,CUST1021,Laptop,Electronics,East,2,55264.75,0.15,87752.12,93950.07,6197.95,Debit Card
ORD0163,2025-01-27,CUST1081,Mouse,Accessories,East,4,932.2,0.15,2677.0,3169.48,492.48,UPI
ORD0164,2025-12-03,CUST1078,Office Chair,Furniture,South,1,8133.05,0.2,6116.56,6506.44,389.88,Debit Card
ORD0165,2025-12-02,CUST1090,Smartphone,Electronics,West,5,21165.02,0.05,85710.55,100533.85,14823.3,Credit Card
ORD0166,2025-06-18,CUST1017,Watch,Fashion,North,1,4629.14,0.1,3103.79,4166.23,1062.44,Cash on Delivery
ORD0167,2025-04-20,CUST1044,Shoes,Fashion,West,3,2995.37,0.0,6150.24,8986.11,2835.87,Credit Card
ORD0168,2025-02-21,CUST1065,Keyboard,Accessories,North,2,1923.99,0.05,2049.44,3655.58,1606.14,Debit Card
ORD0169,2025-12-21,CUST1099,Watch,Fashion,South,2,4196.02,0.2,5797.62,6713.63,916.01,Cash on Delivery
ORD0170,2025-08-16,CUST1079,Laptop,Electronics,East,4,52112.83,0.1,158199.96,187606.19,29406.23,Cash on Delivery
ORD0171,2025-08-29,CUST1025,Keyboard,Accessories,East,5,1911.1,0.05,5646.3,9077.73,3431.43,Cash on Delivery
ORD0172,2025-03-24,CUST1026,Backpack,Bags,South,3,1770.72,0.15,3648.93,4515.34,866.41,Debit Card
ORD0173,2025-09-22,CUST1016,Laptop,Electronics,East,4,50628.49,0.1,151499.76,182262.56,30762.8,UPI
ORD0174,2025-08-12,CUST1012,Headphones,Electronics,South,3,2323.67,0.15,5822.46,5925.36,102.9,Cash on Delivery
ORD0175,2025-05-01,CUST1050,Office Chair,Furniture,North,1,8503.41,0.15,4788.17,7227.9,2439.73,Debit Card
ORD0176,2025-11-29,CUST1043,Keyboard,Accessories,South,1,1922.1,0.1,1408.87,1729.89,321.02,Credit Card
ORD0177,2025-12-28,CUST1061,Laptop,Electronics,West,3,51026.72,0.15,119462.97,130118.14,10655.17,UPI
ORD0178,2025-11-08,CUST1068,Smartphone,Electronics,West,1,20457.89,0.1,13286.1,18412.1,5126.0,UPI
ORD0179,2025-11-24,CUST1080,Mouse,Accessories,West,2,852.92,0.1,1044.84,1535.26,490.42,UPI
ORD0180,2025-10-22,CUST1031,Smartphone,Electronics,South,4,22580.6,0.2,60193.2,72257.92,12064.72,Debit Card
ORD0181,2025-04-06,CUST1086,Desk,Furniture,North,1,6591.86,0.2,4148.33,5273.49,1125.16,Debit Card
ORD0182,2025-10-11,CUST1003,Smartphone,Electronics,West,5,24148.66,0.2,74451.5,96594.64,22143.14,Cash on Delivery
ORD0183,2025-02-04,CUST1045,Laptop,Electronics,South,4,49678.66,0.1,134950.76,178843.18,43892.42,UPI
ORD0184,2025-11-26,CUST1023,Watch,Fashion,West,3,4541.41,0.05,7574.64,12943.02,5368.38,Cash on Delivery
ORD0185,2025-01-19,CUST1038,Headphones,Electronics,South,2,2721.8,0.0,3645.06,5443.6,1798.54,UPI
ORD0186,2025-10-06,CUST1061,Keyboard,Accessories,East,1,1805.54,0.1,1410.02,1624.99,214.97,UPI
ORD0187,2025-12-02,CUST1043,Keyboard,Accessories,East,3,1637.21,0.1,4133.88,4420.47,286.59,UPI
ORD0188,2025-07-17,CUST1044,Office Chair,Furniture,South,4,9170.88,0.15,25018.12,31180.99,6162.87,Cash on Delivery
ORD0189,2025-08-06,CUST1011,Backpack,Bags,West,3,1649.74,0.2,3330.06,3959.38,629.32,Credit Card
ORD0190,2025-06-01,CUST1040,Shoes,Fashion,West,3,3089.87,0.1,5526.24,8342.65,2816.41,Cash on Delivery
ORD0191,2025-06-30,CUST1079,Headphones,Electronics,West,4,2613.41,0.1,6617.84,9408.28,2790.44,Debit Card
ORD0192,2025-12-14,CUST1021,Laptop,Electronics,North,1,58312.06,0.15,35245.53,49565.25,14319.72,Credit Card
ORD0193,2025-11-27,CUST1047,Watch,Fashion,East,4,4262.4,0.0,10468.04,17049.6,6581.56,Cash on Delivery
ORD0194,2025-07-09,CUST1048,Watch,Fashion,West,1,4454.93,0.2,2647.62,3563.94,916.32,UPI
ORD0195,2025-05-23,CUST1032,Watch,Fashion,North,2,4332.95,0.2,5775.64,6932.72,1157.08,UPI
ORD0196,2025-05-15,CUST1100,Headphones,Electronics,East,4,2530.84,0.2,6467.48,8098.69,1631.21,Cash on Delivery
ORD0197,2025-04-13,CUST1016,Keyboard,Accessories,South,5,1979.51,0.1,6511.45,8907.8,2396.35,UPI
ORD0198,2025-06-13,CUST1086,Backpack,Bags,East,2,1911.78,0.15,2877.54,3250.03,372.49,UPI
ORD0199,2025-12-31,CUST1091,Shoes,Fashion,South,5,3424.87,0.1,12365.35,15411.91,3046.56,Debit Card
ORD0200,2025-05-02,CUST1064,Shoes,Fashion,North,2,3386.92,0.0,5096.22,6773.84,1677.62,Debit Card
ORD0201,2025-03-08,CUST1079,Shoes,Fashion,North,5,3509.13,0.1,10669.6,15791.09,5121.49,UPI
ORD0202,2025-10-22,CUST1010,Mouse,Accessories,South,4,948.45,0.15,2453.12,3224.73,771.61,Debit Card
ORD0203,2025-10-10,CUST1082,Smartphone,Electronics,South,4,21315.87,0.15,63362.4,72473.96,9111.56,Credit Card
ORD0204,2025-06-05,CUST1022,Desk,Furniture,South,5,6523.53,0.0,24630.05,32617.65,7987.6,Debit Card
ORD0205,2025-05-09,CUST1026,Keyboard,Accessories,East,3,1924.54,0.2,4178.16,4618.9,440.74,Credit Card
ORD0206,2025-10-31,CUST1075,Mouse,Accessories,South,5,925.38,0.2,2580.1,3701.52,1121.42,Credit Card
ORD0207,2025-01-15,CUST1011,Watch,Fashion,North,5,4557.26,0.1,17114.25,20507.67,3393.42,Debit Card
ORD0208,2025-11-18,CUST1070,Keyboard,Accessories,East,5,1630.9,0.15,6340.75,6931.32,590.57,Debit Card
ORD0209,2025-01-31,CUST1021,Backpack,Bags,West,2,1646.27,0.15,2247.7,2798.66,550.96,Cash on Delivery
ORD0210,2025-06-13,CUST1094,Backpack,Bags,East,4,1671.72,0.05,4572.36,6352.54,1780.18,Cash on Delivery
ORD0211,2025-08-27,CUST1016,Headphones,Electronics,East,3,2409.56,0.2,5178.09,5782.94,604.85,Cash on Delivery
ORD0212,2025-11-12,CUST1054,Keyboard,Accessories,South,2,1960.34,0.0,2025.54,3920.68,1895.14,Credit Card
ORD0213,2025-09-21,CUST1060,Office Chair,Furniture,West,5,7920.88,0.1,25392.0,35643.96,10251.96,Debit Card
ORD0214,2025-05-04,CUST1028,Backpack,Bags,East,1,1801.96,0.0,1415.35,1801.96,386.61,UPI
ORD0215,2025-12-11,CUST1061,Laptop,Electronics,East,3,58771.35,0.15,115397.64,149866.94,34469.3,UPI
ORD0216,2025-07-26,CUST1047,Smartphone,Electronics,North,4,23001.04,0.05,67814.04,87403.95,19589.91,Cash on Delivery
ORD0217,2025-02-07,CUST1050,Laptop,Electronics,West,5,55585.45,0.2,164632.55,222341.8,57709.25,Debit Card
ORD0218,2025-07-11,CUST1044,Watch,Fashion,East,5,4137.01,0.0,13098.75,20685.05,7586.3,Credit Card
ORD0219,2025-01-20,CUST1018,Keyboard,Accessories,East,5,1634.49,0.2,5853.1,6537.96,684.86,Cash on Delivery
ORD0220,2025-06-17,CUST1079,Shoes,Fashion,East,4,3209.92,0.05,8980.04,12197.7,3217.66,Credit Card
ORD0221,2025-09-18,CUST1069,Desk,Furniture,West,5,6509.51,0.1,22699.0,29292.8,6593.8,Debit Card
ORD0222,2025-08-02,CUST1075,Backpack,Bags,East,1,1659.46,0.1,1139.06,1493.51,354.45,UPI
ORD0223,2025-10-24,CUST1074,Watch,Fashion,South,4,4754.61,0.1,14251.8,17116.6,2864.8,UPI
ORD0224,2025-07-14,CUST1019,Watch,Fashion,South,4,4699.06,0.05,12259.04,17856.43,5597.39,UPI
ORD0225,2025-03-19,CUST1053,Watch,Fashion,South,1,4332.32,0.05,2496.3,4115.7,1619.4,Cash on Delivery
ORD0226,2025-02-01,CUST1091,Shoes,Fashion,South,5,3350.94,0.15,12291.25,14241.5,1950.25,Credit Card
ORD0227,2025-03-30,CUST1059,Shoes,Fashion,East,3,3080.8,0.15,6541.14,7856.04,1314.9,Debit Card
ORD0228,2025-10-13,CUST1039,Mouse,Accessories,South,5,854.37,0.15,2691.3,3631.07,939.77,Debit Card
ORD0229,2025-05-21,CUST1037,Mouse,Accessories,North,2,872.78,0.15,1132.66,1483.73,351.07,Cash on Delivery
ORD0230,2025-02-10,CUST1045,Desk,Furniture,West,3,6223.92,0.05,12140.97,17738.17,5597.2,Debit Card
ORD0231,2025-10-15,CUST1090,Backpack,Bags,East,2,1717.61,0.05,2725.16,3263.46,538.3,Credit Card
ORD0232,2025-09-29,CUST1029,Smartphone,Electronics,South,5,20023.37,0.2,67080.25,80093.48,13013.23,UPI
ORD0233,2025-03-12,CUST1001,Smartphone,Electronics,South,4,20242.4,0.1,64181.88,72872.64,8690.76,Cash on Delivery
ORD0234,2025-05-27,CUST1083,Backpack,Bags,North,4,1723.41,0.05,5320.64,6548.96,1228.32,UPI
ORD0235,2025-01-20,CUST1023,Watch,Fashion,West,2,4815.3,0.2,6612.04,7704.48,1092.44,Credit Card
ORD0236,2025-05-29,CUST1005,Laptop,Electronics,North,4,57739.04,0.15,131247.12,196312.74,65065.62,Debit Card
ORD0237,2025-08-21,CUST1083,Watch,Fashion,West,5,4351.54,0.0,17597.55,21757.7,4160.15,Credit Card
ORD0238,2025-03-25,CUST1094,Shoes,Fashion,West,4,2952.09,0.1,7657.0,10627.52,2970.52,Debit Card
ORD0239,2025-04-09,CUST1023,Headphones,Electronics,West,1,2533.89,0.1,1869.23,2280.5,411.27,Cash on Delivery
ORD0240,2025-03-13,CUST1062,Shoes,Fashion,East,3,2941.05,0.0,6242.01,8823.15,2581.14,Credit Card
ORD0241,2025-06-18,CUST1039,Laptop,Electronics,North,3,57791.32,0.15,100465.26,147367.87,46902.61,Debit Card
ORD0242,2025-03-23,CUST1052,Office Chair,Furniture,East,2,8441.17,0.0,12188.1,16882.34,4694.24,UPI
ORD0243,2025-09-02,CUST1020,Mouse,Accessories,West,3,982.32,0.2,1634.07,2357.57,723.5,Debit Card
ORD0244,2025-04-22,CUST1098,Desk,Furniture,South,5,6892.59,0.15,24028.45,29293.51,5265.06,UPI
ORD0245,2025-10-16,CUST1015,Shoes,Fashion,North,4,2929.99,0.2,9292.04,9375.97,83.93,Credit Card
ORD0246,2025-08-15,CUST1015,Watch,Fashion,South,5,4819.04,0.05,13300.5,22890.44,9589.94,Cash on Delivery
ORD0247,2025-09-20,CUST1054,Smartphone,Electronics,West,5,21795.1,0.15,82739.05,92629.18,9890.13,UPI
ORD0248,2025-01-02,CUST1096,Shoes,Fashion,South,4,3133.41,0.1,9354.48,11280.28,1925.8,UPI
ORD0249,2025-01-31,CUST1009,Laptop,Electronics,West,4,55452.8,0.1,159521.16,199630.08,40108.92,UPI
ORD0250,2025-11-27,CUST1054,Mouse,Accessories,East,4,947.85,0.05,2672.08,3601.83,929.75,Cash on Delivery
ORD0251,2025-10-04,CUST1018,Backpack,Bags,East,4,1967.09,0.15,4104.44,6688.11,2583.67,UPI
ORD0252,2025-04-25,CUST1001,Headphones,Electronics,North,5,2613.93,0.15,8527.65,11109.2,2581.55,Debit Card
ORD0253,2025-05-07,CUST1059,Backpack,Bags,East,5,1916.41,0.15,6146.85,8144.74,1997.89,Credit Card
ORD0254,2025-11-11,CUST1099,Mouse,Accessories,North,2,928.84,0.0,1004.5,1857.68,853.18,Credit Card
ORD0255,2025-12-11,CUST1091,Keyboard,Accessories,North,1,1780.72,0.0,1257.27,1780.72,523.45,Credit Card
ORD0256,2025-01-29,CUST1018,Laptop,Electronics,East,4,51889.96,0.15,133888.68,176425.86,42537.18,Credit Card
ORD0257,2025-06-14,CUST1031,Watch,Fashion,East,3,4655.28,0.2,9442.98,11172.67,1729.69,Credit Card
ORD0258,2025-10-30,CUST1095,Shoes,Fashion,South,2,2919.01,0.15,4000.8,4962.32,961.52,Cash on Delivery
ORD0259,2025-12-10,CUST1049,Shoes,Fashion,East,4,3482.62,0.0,10151.32,13930.48,3779.16,Cash on Delivery
ORD0260,2025-08-31,CUST1031,Desk,Furniture,South,2,6830.74,0.1,8373.5,12295.33,3921.83,Debit Card
ORD0261,2025-10-13,CUST1068,Headphones,Electronics,South,4,2733.89,0.0,6905.96,10935.56,4029.6,Cash on Delivery
ORD0262,2025-08-19,CUST1048,Keyboard,Accessories,North,3,1648.47,0.05,3415.86,4698.14,1282.28,Credit Card
ORD0263,2025-02-07,CUST1025,Laptop,Electronics,South,3,56132.14,0.15,118538.97,143136.96,24597.99,Cash on Delivery
ORD0264,2025-04-08,CUST1095,Keyboard,Accessories,North,3,1625.52,0.1,4261.98,4388.9,126.92,Cash on Delivery
ORD0265,2025-06-14,CUST1100,Keyboard,Accessories,East,5,1706.16,0.05,5842.4,8104.26,2261.86,Cash on Delivery
ORD0266,2025-09-12,CUST1060,Backpack,Bags,North,5,1749.47,0.1,5643.95,7872.62,2228.67,Cash on Delivery
ORD0267,2025-04-24,CUST1095,Office Chair,Furniture,South,2,7727.72,0.1,10679.92,13909.9,3229.98,UPI
ORD0268,2025-03-20,CUST1026,Mouse,Accessories,East,5,885.16,0.2,3126.55,3540.64,414.09,Credit Card
ORD0269,2025-12-17,CUST1044,Desk,Furniture,East,5,6700.99,0.05,21931.8,31829.7,9897.9,Cash on Delivery
ORD0270,2025-03-13,CUST1093,Backpack,Bags,West,4,1746.78,0.05,5279.0,6637.76,1358.76,Credit Card
ORD0271,2025-12-09,CUST1007,Shoes,Fashion,North,1,3421.89,0.2,1787.06,2737.51,950.45,Cash on Delivery
ORD0272,2025-09-16,CUST1059,Headphones,Electronics,East,2,2254.57,0.0,3633.96,4509.14,875.18,UPI
ORD0273,2025-09-30,CUST1071,Watch,Fashion,West,5,4064.16,0.15,16083.45,17272.68,1189.23,UPI
ORD0274,2025-09-15,CUST1090,Laptop,Electronics,West,5,52653.57,0.1,188082.0,236941.06,48859.06,Credit Card
ORD0275,2025-09-27,CUST1033,Smartphone,Electronics,East,1,20644.5,0.2,12918.94,16515.6,3596.66,Debit Card
ORD0276,2025-05-05,CUST1090,Desk,Furniture,South,1,6446.7,0.1,5133.86,5802.03,668.17,Debit Card
ORD0277,2025-09-01,CUST1008,Smartphone,Electronics,North,1,21459.55,0.0,14329.03,21459.55,7130.52,Credit Card
ORD0278,2025-02-18,CUST1068,Smartphone,Electronics,North,4,21257.59,0.15,62587.96,72275.81,9687.85,Credit Card
ORD0279,2025-12-17,CUST1036,Keyboard,Accessories,North,5,1952.7,0.15,5559.95,8298.98,2739.03,Credit Card
ORD0280,2025-12-31,CUST1051,Office Chair,Furniture,North,1,8928.83,0.05,5922.45,8482.39,2559.94,Debit Card
ORD0281,2025-12-13,CUST1070,Headphones,Electronics,East,5,2674.72,0.05,8645.9,12704.92,4059.02,Cash on Delivery
ORD0282,2025-02-20,CUST1056,Headphones,Electronics,South,1,2422.93,0.2,1840.91,1938.34,97.43,UPI
ORD0283,2025-06-17,CUST1004,Office Chair,Furniture,East,5,8324.4,0.2,33520.35,33297.6,-222.75,Cash on Delivery
ORD0284,2025-04-06,CUST1088,Backpack,Bags,West,2,1755.15,0.1,2477.74,3159.27,681.53,UPI
ORD0285,2025-03-20,CUST1049,Watch,Fashion,South,3,4123.83,0.05,9831.75,11752.92,1921.17,Cash on Delivery
ORD0286,2025-08-16,CUST1047,Office Chair,Furniture,East,3,9253.03,0.0,14608.44,27759.09,13150.65,UPI
ORD0287,2025-09-20,CUST1053,Headphones,Electronics,North,1,2528.49,0.05,1644.36,2402.07,757.71,UPI
ORD0288,2025-06-16,CUST1050,Smartphone,Electronics,North,3,22431.39,0.2,37835.55,53835.34,15999.79,Debit Card
ORD0289,2025-05-05,CUST1074,Desk,Furniture,South,4,6577.4,0.0,19011.48,26309.6,7298.12,Cash on Delivery
ORD0290,2025-02-02,CUST1022,Headphones,Electronics,West,2,2496.56,0.1,3126.42,4493.81,1367.39,Debit Card
ORD0291,2025-05-07,CUST1093,Desk,Furniture,West,3,6319.46,0.15,14540.49,16114.62,1574.13,Credit Card
ORD0292,2025-06-20,CUST1080,Backpack,Bags,West,1,1961.58,0.05,1127.1,1863.5,736.4,Debit Card
ORD0293,2025-11-01,CUST1018,Backpack,Bags,East,3,1929.42,0.15,4070.88,4920.02,849.14,Debit Card
ORD0294,2025-06-13,CUST1038,Watch,Fashion,West,2,4918.12,0.15,5656.92,8360.8,2703.88,Credit Card
ORD0295,2025-02-28,CUST1073,Office Chair,Furniture,South,4,8317.99,0.1,25640.2,29944.76,4304.56,Credit Card
ORD0296,2025-05-30,CUST1089,Shoes,Fashion,North,1,3014.17,0.15,2514.38,2562.04,47.66,Cash on Delivery
ORD0297,2025-08-05,CUST1049,Backpack,Bags,North,2,1857.12,0.1,2197.82,3342.82,1145.0,Cash on Delivery
ORD0298,2025-12-21,CUST1054,Watch,Fashion,North,4,4505.95,0.2,11703.64,14419.04,2715.4,Debit Card
ORD0299,2025-12-07,CUST1046,Shoes,Fashion,South,5,3038.87,0.0,9237.5,15194.35,5956.85,UPI
ORD0300,2025-01-06,CUST1013,Watch,Fashion,East,4,4437.41,0.1,14245.72,15974.68,1728.96,Credit Card
ORD0301,2025-08-17,CUST1048,Shoes,Fashion,West,5,3248.15,0.2,11122.05,12992.6,1870.55,Cash on Delivery
ORD0302,2025-02-23,CUST1038,Watch,Fashion,West,5,4072.11,0.05,14315.45,19342.52,5027.07,UPI
ORD0303,2025-04-16,CUST1067,Smartphone,Electronics,West,2,21803.46,0.1,27630.8,39246.23,11615.43,Debit Card
ORD0304,2025-02-04,CUST1039,Backpack,Bags,North,1,1782.88,0.15,1314.9,1515.45,200.55,UPI
ORD0305,2025-05-05,CUST1067,Laptop,Electronics,South,3,51307.9,0.0,118682.01,153923.7,35241.69,Credit Card
ORD0306,2025-07-27,CUST1081,Office Chair,Furniture,South,5,8044.15,0.15,33558.65,34187.64,628.99,Credit Card
ORD0307,2025-08-19,CUST1076,Desk,Furniture,West,4,6998.03,0.0,19093.04,27992.12,8899.08,Cash on Delivery
ORD0308,2025-02-02,CUST1074,Laptop,Electronics,North,2,57241.36,0.05,68154.48,108758.58,40604.1,Credit Card
ORD0309,2025-09-08,CUST1068,Office Chair,Furniture,East,3,8096.0,0.05,16941.87,23073.6,6131.73,Cash on Delivery
ORD0310,2025-08-23,CUST1080,Watch,Fashion,South,4,4366.79,0.2,10414.04,13973.73,3559.69,Debit Card
ORD0311,2025-05-03,CUST1040,Watch,Fashion,North,5,4331.87,0.0,16155.6,21659.35,5503.75,Credit Card
ORD0312,2025-10-22,CUST1050,Office Chair,Furniture,West,2,8663.92,0.2,11000.96,13862.27,2861.31,Credit Card
ORD0313,2025-03-13,CUST1024,Backpack,Bags,East,5,1796.27,0.05,6198.55,8532.28,2333.73,Cash on Delivery
ORD0314,2025-04-10,CUST1050,Watch,Fashion,West,1,4486.15,0.1,3545.82,4037.53,491.71,Cash on Delivery
ORD0315,2025-01-16,CUST1098,Backpack,Bags,South,4,1649.76,0.15,4839.64,5609.18,769.54,Debit Card
ORD0316,2025-08-23,CUST1073,Laptop,Electronics,West,3,51350.3,0.05,112926.36,146348.36,33422.0,UPI
ORD0317,2025-07-07,CUST1070,Watch,Fashion,North,1,4790.95,0.1,3347.0,4311.85,964.85,Cash on Delivery
ORD0318,2025-05-07,CUST1039,Shoes,Fashion,North,2,3411.25,0.15,3683.86,5799.12,2115.26,Cash on Delivery
ORD0319,2025-05-02,CUST1027,Mouse,Accessories,East,3,988.91,0.0,1781.37,2966.73,1185.36,Cash on Delivery
ORD0320,2025-01-31,CUST1073,Headphones,Electronics,East,5,2656.76,0.05,9327.65,12619.61,3291.96,Debit Card
ORD0321,2025-05-29,CUST1074,Watch,Fashion,East,5,4683.65,0.05,14195.55,22247.34,8051.79,UPI
ORD0322,2025-03-06,CUST1090,Headphones,Electronics,South,4,2683.52,0.0,7981.2,10734.08,2752.88,Credit Card
ORD0323,2025-09-08,CUST1019,Headphones,Electronics,East,3,2588.12,0.05,5552.76,7376.14,1823.38,Cash on Delivery
ORD0324,2025-02-17,CUST1052,Desk,Furniture,East,4,6994.16,0.0,18418.6,27976.64,9558.04,Debit Card
ORD0325,2025-02-17,CUST1094,Backpack,Bags,West,4,1932.81,0.1,5007.52,6958.12,1950.6,Debit Card
ORD0326,2025-04-19,CUST1064,Smartphone,Electronics,East,5,21690.43,0.15,66490.3,92184.33,25694.03,Debit Card
ORD0327,2025-09-06,CUST1044,Mouse,Accessories,North,3,911.91,0.2,1875.12,2188.58,313.46,UPI
ORD0328,2025-08-14,CUST1059,Smartphone,Electronics,North,4,23573.67,0.0,51133.2,94294.68,43161.48,Cash on Delivery
ORD0329,2025-05-21,CUST1012,Keyboard,Accessories,East,2,1955.78,0.1,2123.08,3520.4,1397.32,Debit Card
ORD0330,2025-12-25,CUST1097,Smartphone,Electronics,South,3,22552.66,0.05,37154.49,64275.08,27120.59,Cash on Delivery
ORD0331,2025-10-31,CUST1029,Smartphone,Electronics,West,1,20142.93,0.0,13273.82,20142.93,6869.11,UPI
ORD0332,2025-03-09,CUST1062,Laptop,Electronics,North,3,54145.45,0.0,131511.39,162436.35,30924.96,Credit Card
ORD0333,2025-06-03,CUST1018,Desk,Furniture,West,1,6327.83,0.0,3742.7,6327.83,2585.13,Credit Card
ORD0334,2025-03-26,CUST1057,Headphones,Electronics,East,1,2555.16,0.2,1727.06,2044.13,317.07,Credit Card
ORD0335,2025-02-14,CUST1013,Headphones,Electronics,South,4,2679.98,0.2,7216.4,8575.94,1359.54,UPI
ORD0336,2025-03-13,CUST1032,Watch,Fashion,East,4,4333.05,0.1,14234.6,15598.98,1364.38,UPI
ORD0337,2025-12-20,CUST1004,Keyboard,Accessories,East,5,1838.73,0.2,6300.0,7354.92,1054.92,Credit Card
ORD0338,2025-11-27,CUST1007,Shoes,Fashion,South,5,3130.72,0.2,9554.6,12522.88,2968.28,Cash on Delivery
ORD0339,2025-09-28,CUST1002,Desk,Furniture,East,1,6622.11,0.05,4386.82,6291.0,1904.18,Debit Card
ORD0340,2025-03-30,CUST1098,Headphones,Electronics,West,4,2523.18,0.2,6552.16,8074.18,1522.02,UPI
ORD0341,2025-01-31,CUST1051,Laptop,Electronics,East,5,51873.17,0.0,152198.3,259365.85,107167.55,Cash on Delivery
ORD0342,2025-03-20,CUST1036,Desk,Furniture,North,4,6548.95,0.0,18463.48,26195.8,7732.32,Debit Card
ORD0343,2025-06-17,CUST1051,Smartphone,Electronics,North,5,20483.66,0.05,87293.6,97297.38,10003.78,Debit Card
ORD0344,2025-03-01,CUST1059,Desk,Furniture,North,2,7052.02,0.0,7944.56,14104.04,6159.48,Debit Card
ORD0345,2025-03-25,CUST1064,Headphones,Electronics,East,1,2600.75,0.0,1817.44,2600.75,783.31,Debit Card
ORD0346,2025-03-02,CUST1099,Headphones,Electronics,North,3,2686.73,0.05,5530.83,7657.18,2126.35,Debit Card
ORD0347,2025-10-23,CUST1081,Desk,Furniture,North,3,6776.02,0.2,11036.37,16262.45,5226.08,Cash on Delivery
ORD0348,2025-03-27,CUST1048,Backpack,Bags,South,5,1929.37,0.1,5074.75,8682.16,3607.41,Debit Card
ORD0349,2025-01-23,CUST1002,Smartphone,Electronics,South,5,22038.83,0.0,66781.1,110194.15,43413.05,UPI
ORD0350,2025-01-19,CUST1071,Backpack,Bags,West,3,1684.43,0.15,4212.3,4295.3,83.0,Credit Card
ORD0351,2025-02-09,CUST1074,Office Chair,Furniture,East,2,8193.89,0.15,13242.38,13929.61,687.23,UPI
ORD0352,2025-01-24,CUST1052,Shoes,Fashion,North,1,3210.1,0.05,1938.55,3049.59,1111.04,Cash on Delivery
ORD0353,2025-07-08,CUST1026,Mouse,Accessories,East,3,892.21,0.1,1543.32,2408.97,865.65,Debit Card
ORD0354,2025-04-11,CUST1094,Watch,Fashion,South,2,4924.67,0.15,5778.62,8371.94,2593.32,Credit Card
ORD0355,2025-12-22,CUST1002,Laptop,Electronics,East,4,53310.66,0.0,133814.88,213242.64,79427.76,UPI
ORD0356,2025-08-03,CUST1063,Desk,Furniture,North,3,7128.05,0.0,11725.32,21384.15,9658.83,Credit Card
ORD0357,2025-09-24,CUST1053,Mouse,Accessories,East,1,971.51,0.0,702.29,971.51,269.22,Cash on Delivery
ORD0358,2025-07-21,CUST1010,Smartphone,Electronics,North,5,22603.75,0.0,74399.25,113018.75,38619.5,Cash on Delivery
ORD0359,2025-07-21,CUST1090,Headphones,Electronics,East,2,2407.5,0.1,3076.24,4333.5,1257.26,Debit Card
ORD0360,2025-10-27,CUST1014,Backpack,Bags,South,3,1692.98,0.05,3070.83,4824.99,1754.16,UPI
ORD0361,2025-07-03,CUST1099,Headphones,Electronics,South,4,2310.37,0.15,6285.08,7855.26,1570.18,Cash on Delivery
ORD0362,2025-12-18,CUST1039,Mouse,Accessories,North,4,826.28,0.1,2747.24,2974.61,227.37,Credit Card
ORD0363,2025-07-22,CUST1066,Office Chair,Furniture,North,2,9296.28,0.0,12372.42,18592.56,6220.14,Debit Card
ORD0364,2025-10-12,CUST1096,Mouse,Accessories,South,2,963.83,0.0,1418.44,1927.66,509.22,UPI
ORD0365,2025-04-24,CUST1017,Backpack,Bags,South,1,1642.2,0.05,1044.65,1560.09,515.44,Cash on Delivery
ORD0366,2025-02-08,CUST1003,Office Chair,Furniture,North,1,9209.63,0.2,5920.5,7367.7,1447.2,Credit Card
ORD0367,2025-06-19,CUST1016,Backpack,Bags,North,2,1918.57,0.0,2794.58,3837.14,1042.56,Cash on Delivery
ORD0368,2025-09-12,CUST1004,Laptop,Electronics,West,2,57468.74,0.2,72411.8,91949.98,19538.18,Cash on Delivery
ORD0369,2025-08-17,CUST1020,Headphones,Electronics,North,3,2387.49,0.05,5828.07,6804.35,976.28,Credit Card
ORD0370,2025-02-14,CUST1036,Mouse,Accessories,West,4,896.23,0.15,2774.52,3047.18,272.66,Credit Card
ORD0371,2025-10-06,CUST1003,Desk,Furniture,West,2,7142.31,0.2,7959.74,11427.7,3467.96,Debit Card
ORD0372,2025-06-14,CUST1050,Backpack,Bags,East,5,1823.63,0.15,5724.1,7750.43,2026.33,Credit Card
ORD0373,2025-05-24,CUST1008,Laptop,Electronics,West,3,59353.41,0.2,99784.59,142448.18,42663.59,Debit Card
ORD0374,2025-05-17,CUST1069,Watch,Fashion,North,2,4641.18,0.05,5175.3,8818.24,3642.94,Credit Card
ORD0375,2025-03-30,CUST1023,Watch,Fashion,South,4,4942.39,0.1,14108.44,17792.6,3684.16,Debit Card
ORD0376,2025-10-18,CUST1073,Office Chair,Furniture,South,5,8247.86,0.0,30849.2,41239.3,10390.1,Credit Card
ORD0377,2025-01-29,CUST1030,Backpack,Bags,South,5,1633.67,0.1,5345.0,7351.52,2006.52,UPI
ORD0378,2025-03-08,CUST1044,Shoes,Fashion,South,4,3273.05,0.0,8101.56,13092.2,4990.64,Debit Card
ORD0379,2025-02-26,CUST1068,Laptop,Electronics,East,1,59589.47,0.05,38315.88,56610.0,18294.12,UPI
ORD0380,2025-03-11,CUST1021,Office Chair,Furniture,West,4,8163.0,0.2,19558.76,26121.6,6562.84,Cash on Delivery
ORD0381,2025-07-02,CUST1029,Office Chair,Furniture,South,2,9229.04,0.2,12297.64,14766.46,2468.82,Cash on Delivery
ORD0382,2025-12-26,CUST1074,Mouse,Accessories,West,3,810.32,0.05,1604.94,2309.41,704.47,UPI
ORD0383,2025-04-24,CUST1082,Headphones,Electronics,North,5,2733.77,0.1,9753.25,12301.97,2548.72,Cash on Delivery
ORD0384,2025-03-27,CUST1082,Headphones,Electronics,North,3,2741.19,0.0,4571.25,8223.57,3652.32,Debit Card
ORD0385,2025-06-29,CUST1033,Backpack,Bags,North,1,1869.54,0.1,1084.36,1682.59,598.23,UPI
ORD0386,2025-07-31,CUST1064,Laptop,Electronics,West,4,60160.12,0.15,161292.16,204544.41,43252.25,Debit Card
ORD0387,2025-10-23,CUST1084,Shoes,Fashion,South,4,3384.79,0.0,9692.2,13539.16,3846.96,Credit Card
ORD0388,2025-02-23,CUST1010,Backpack,Bags,East,1,1734.74,0.0,1122.71,1734.74,612.03,Credit Card
ORD0389,2025-02-17,CUST1044,Desk,Furniture,West,2,7017.56,0.0,8927.9,14035.12,5107.22,UPI
ORD0390,2025-02-21,CUST1043,Desk,Furniture,South,2,6054.23,0.2,10041.7,9686.77,-354.93,Credit Card
ORD0391,2025-05-02,CUST1013,Desk,Furniture,North,5,6215.98,0.2,20030.3,24863.92,4833.62,Cash on Delivery
ORD0392,2025-08-07,CUST1012,Watch,Fashion,East,5,4374.75,0.15,13238.95,18592.69,5353.74,Cash on Delivery
ORD0393,2025-02-11,CUST1061,Keyboard,Accessories,North,1,1849.75,0.0,1083.13,1849.75,766.62,Debit Card
ORD0394,2025-11-25,CUST1070,Desk,Furniture,West,4,6194.51,0.15,20116.72,21061.33,944.61,Credit Card
ORD0395,2025-08-14,CUST1060,Office Chair,Furniture,East,4,7725.85,0.1,20285.96,27813.06,7527.1,Credit Card
ORD0396,2025-02-19,CUST1011,Mouse,Accessories,East,5,935.36,0.0,2645.0,4676.8,2031.8,Cash on Delivery
ORD0397,2025-09-25,CUST1054,Watch,Fashion,West,2,4398.4,0.2,5087.22,7037.44,1950.22,Credit Card
ORD0398,2025-01-18,CUST1065,Backpack,Bags,South,3,1927.42,0.0,3502.98,5782.26,2279.28,UPI
ORD0399,2025-03-06,CUST1006,Backpack,Bags,West,2,1911.05,0.05,2854.94,3630.99,776.05,UPI
ORD0400,2025-02-04,CUST1012,Desk,Furniture,West,2,6185.25,0.05,9860.86,11751.97,1891.11,Cash on Delivery
ORD0401,2025-01-07,CUST1090,Shoes,Fashion,West,3,3466.98,0.1,6527.25,9360.85,2833.6,UPI
ORD0402,2025-02-21,CUST1014,Desk,Furniture,North,2,6607.48,0.05,8991.44,12554.21,3562.77,Debit Card
ORD0403,2025-10-20,CUST1078,Shoes,Fashion,West,3,3299.06,0.15,5913.93,8412.6,2498.67,UPI
ORD0404,2025-12-22,CUST1052,Headphones,Electronics,North,3,2554.33,0.15,4394.73,6513.54,2118.81,Cash on Delivery
ORD0405,2025-07-10,CUST1003,Office Chair,Furniture,East,2,9215.42,0.0,12519.44,18430.84,5911.4,Debit Card
ORD0406,2025-04-27,CUST1018,Mouse,Accessories,East,3,933.27,0.15,2064.3,2379.84,315.54,Cash on Delivery
ORD0407,2025-08-15,CUST1028,Office Chair,Furniture,West,3,7801.79,0.15,17881.74,19894.56,2012.82,Cash on Delivery
ORD0408,2025-06-09,CUST1091,Shoes,Fashion,West,3,2981.74,0.0,6516.66,8945.22,2428.56,Credit Card
ORD0409,2025-04-13,CUST1008,Shoes,Fashion,South,5,3440.12,0.0,9494.95,17200.6,7705.65,UPI
ORD0410,2025-08-26,CUST1065,Backpack,Bags,West,1,1718.63,0.1,1307.09,1546.77,239.68,UPI
ORD0411,2025-08-31,CUST1076,Laptop,Electronics,East,2,54407.14,0.1,73941.64,97932.85,23991.21,Debit Card
ORD0412,2025-03-25,CUST1074,Headphones,Electronics,South,3,2443.28,0.0,4659.51,7329.84,2670.33,Credit Card
ORD0413,2025-12-16,CUST1002,Keyboard,Accessories,West,2,1804.78,0.1,2566.42,3248.6,682.18,Credit Card
ORD0414,2025-06-06,CUST1092,Headphones,Electronics,East,5,2554.17,0.0,7574.3,12770.85,5196.55,Cash on Delivery
ORD0415,2025-12-13,CUST1067,Desk,Furniture,West,3,6456.71,0.15,11953.5,16464.61,4511.11,UPI
ORD0416,2025-05-25,CUST1039,Laptop,Electronics,North,5,56031.5,0.1,189850.2,252141.75,62291.55,Cash on Delivery
ORD0417,2025-05-14,CUST1084,Smartphone,Electronics,East,3,23590.56,0.1,46869.81,63694.51,16824.7,Credit Card
ORD0418,2025-11-04,CUST1052,Headphones,Electronics,East,5,2652.71,0.05,9686.5,12600.37,2913.87,Credit Card
ORD0419,2025-07-18,CUST1095,Laptop,Electronics,North,4,54104.22,0.1,135268.44,194775.19,59506.75,Credit Card
ORD0420,2025-12-10,CUST1046,Office Chair,Furniture,East,2,8458.75,0.2,12062.84,13534.0,1471.16,Credit Card
ORD0421,2025-05-13,CUST1093,Shoes,Fashion,South,2,2961.88,0.1,3676.16,5331.38,1655.22,Debit Card
ORD0422,2025-08-04,CUST1043,Smartphone,Electronics,East,2,23634.3,0.1,26656.6,42541.74,15885.14,Debit Card
ORD0423,2025-11-21,CUST1075,Watch,Fashion,North,3,4473.48,0.15,10297.86,11407.37,1109.51,Cash on Delivery
ORD0424,2025-06-02,CUST1053,Keyboard,Accessories,North,5,1757.4,0.0,6901.85,8787.0,1885.15,Credit Card
ORD0425,2025-08-23,CUST1019,Headphones,Electronics,East,2,2534.7,0.1,3261.48,4562.46,1300.98,Credit Card
ORD0426,2025-11-21,CUST1008,Smartphone,Electronics,North,4,20578.03,0.1,62282.72,74080.91,11798.19,Cash on Delivery
ORD0427,2025-02-15,CUST1017,Mouse,Accessories,West,2,838.52,0.05,1249.32,1593.19,343.87,Cash on Delivery
ORD0428,2025-04-13,CUST1094,Desk,Furniture,East,4,5899.04,0.15,16791.56,20056.74,3265.18,UPI
ORD0429,2025-05-08,CUST1029,Office Chair,Furniture,East,5,7657.01,0.05,23565.35,36370.8,12805.45,Debit Card
ORD0430,2025-02-03,CUST1006,Headphones,Electronics,East,1,2403.06,0.15,1689.59,2042.6,353.01,Debit Card
ORD0431,2025-12-18,CUST1018,Backpack,Bags,East,5,1776.12,0.2,6129.25,7104.48,975.23,Cash on Delivery
ORD0432,2025-07-26,CUST1003,Office Chair,Furniture,South,2,9210.95,0.05,13379.36,17500.81,4121.45,Credit Card
ORD0433,2025-07-07,CUST1092,Headphones,Electronics,North,2,2334.49,0.0,3487.12,4668.98,1181.86,Cash on Delivery
ORD0434,2025-12-05,CUST1014,Mouse,Accessories,North,5,989.04,0.2,2529.65,3956.16,1426.51,UPI
ORD0435,2025-08-31,CUST1090,Smartphone,Electronics,South,4,22208.04,0.15,56765.6,75507.34,18741.74,Credit Card
ORD0436,2025-05-19,CUST1080,Laptop,Electronics,South,3,56787.31,0.15,118043.67,144807.64,26763.97,Cash on Delivery
ORD0437,2025-02-24,CUST1064,Smartphone,Electronics,South,5,20301.66,0.2,63737.7,81206.64,17468.94,Credit Card
ORD0438,2025-03-24,CUST1006,Mouse,Accessories,West,5,883.76,0.05,2877.65,4197.86,1320.21,Credit Card
ORD0439,2025-02-26,CUST1074,Backpack,Bags,West,3,1861.79,0.05,2973.69,5306.1,2332.41,Credit Card
ORD0440,2025-05-12,CUST1083,Smartphone,Electronics,South,5,20245.68,0.0,80398.0,101228.4,20830.4,Cash on Delivery
ORD0441,2025-01-21,CUST1038,Mouse,Accessories,East,3,956.37,0.15,1518.81,2438.74,919.93,Debit Card
ORD0442,2025-01-05,CUST1018,Desk,Furniture,South,1,7007.38,0.0,4958.27,7007.38,2049.11,Debit Card
ORD0443,2025-07-10,CUST1044,Office Chair,Furniture,South,4,8896.22,0.2,20980.64,28467.9,7487.26,UPI
ORD0444,2025-09-02,CUST1054,Desk,Furniture,South,4,6351.43,0.15,16066.92,21594.86,5527.94,UPI
ORD0445,2025-09-05,CUST1073,Headphones,Electronics,West,1,2705.61,0.05,1439.82,2570.33,1130.51,Credit Card
ORD0446,2025-03-08,CUST1062,Watch,Fashion,West,4,4826.32,0.1,12651.12,17374.75,4723.63,UPI
ORD0447,2025-01-07,CUST1091,Desk,Furniture,South,4,6701.47,0.0,14711.68,26805.88,12094.2,Debit Card
ORD0448,2025-05-08,CUST1062,Shoes,Fashion,East,5,3303.5,0.2,9180.95,13214.0,4033.05,Cash on Delivery
ORD0449,2025-03-22,CUST1065,Headphones,Electronics,West,5,2571.7,0.2,7045.5,10286.8,3241.3,Cash on Delivery
ORD0450,2025-05-23,CUST1007,Headphones,Electronics,South,1,2415.45,0.15,1575.4,2053.13,477.73,Cash on Delivery
ORD0451,2025-08-18,CUST1012,Desk,Furniture,West,2,6891.64,0.0,8642.06,13783.28,5141.22,Cash on Delivery
ORD0452,2025-07-26,CUST1053,Office Chair,Furniture,North,1,7680.21,0.15,6258.63,6528.18,269.55,UPI
ORD0453,2025-10-15,CUST1027,Smartphone,Electronics,West,5,23716.49,0.2,78032.3,94865.96,16833.66,Debit Card
ORD0454,2025-11-14,CUST1077,Office Chair,Furniture,West,1,8214.35,0.05,6469.17,7803.63,1334.46,Debit Card
ORD0455,2025-06-24,CUST1046,Backpack,Bags,East,1,1699.83,0.0,1331.69,1699.83,368.14,Debit Card
ORD0456,2025-07-29,CUST1014,Smartphone,Electronics,East,1,23416.09,0.05,14808.32,22245.29,7436.97,Credit Card
ORD0457,2025-04-08,CUST1092,Keyboard,Accessories,East,1,1916.84,0.15,1087.02,1629.31,542.29,UPI
ORD0458,2025-08-23,CUST1085,Desk,Furniture,South,1,7009.28,0.2,3775.23,5607.42,1832.19,Cash on Delivery
ORD0459,2025-10-27,CUST1062,Laptop,Electronics,South,5,54260.91,0.0,189284.3,271304.55,82020.25,Credit Card
ORD0460,2025-06-14,CUST1065,Headphones,Electronics,West,1,2553.08,0.15,1785.95,2170.12,384.17,Cash on Delivery
ORD0461,2025-05-31,CUST1058,Watch,Fashion,South,2,4358.57,0.1,5845.2,7845.43,2000.23,Credit Card
ORD0462,2025-06-10,CUST1092,Desk,Furniture,South,5,6761.94,0.2,20303.65,27047.76,6744.11,Credit Card
ORD0463,2025-03-09,CUST1091,Keyboard,Accessories,South,5,1951.63,0.1,6494.9,8782.34,2287.44,Debit Card
ORD0464,2025-12-08,CUST1091,Smartphone,Electronics,West,3,22310.81,0.2,44226.09,53545.94,9319.85,Debit Card
ORD0465,2025-01-28,CUST1086,Desk,Furniture,North,1,6345.13,0.2,3748.01,5076.1,1328.09,Credit Card
ORD0466,2025-02-01,CUST1089,Mouse,Accessories,East,2,836.36,0.1,1297.52,1505.45,207.93,Credit Card
ORD0467,2025-12-12,CUST1095,Shoes,Fashion,South,1,2945.59,0.1,2411.22,2651.03,239.81,Cash on Delivery
ORD0468,2025-07-15,CUST1050,Keyboard,Accessories,West,5,1636.91,0.1,6509.1,7366.1,857.0,Debit Card
ORD0469,2025-08-15,CUST1029,Shoes,Fashion,East,1,3009.98,0.0,2354.94,3009.98,655.04,Credit Card
ORD0470,2025-04-06,CUST1023,Keyboard,Accessories,North,3,1865.76,0.15,3209.52,4757.69,1548.17,Cash on Delivery
ORD0471,2025-10-27,CUST1033,Laptop,Electronics,North,4,50930.73,0.1,151612.92,183350.63,31737.71,Debit Card
ORD0472,2025-01-27,CUST1100,Backpack,Bags,East,2,1736.15,0.0,2118.34,3472.3,1353.96,Cash on Delivery
ORD0473,2025-09-27,CUST1029,Watch,Fashion,South,5,4686.91,0.1,12784.95,21091.1,8306.15,UPI
ORD0474,2025-06-28,CUST1029,Shoes,Fashion,South,2,3138.19,0.15,4388.92,5334.92,946.0,Debit Card
ORD0475,2025-09-29,CUST1061,Office Chair,Furniture,North,3,8929.51,0.1,15417.6,24109.68,8692.08,UPI
ORD0476,2025-11-15,CUST1032,Office Chair,Furniture,North,4,8693.29,0.05,26388.2,33034.5,6646.3,Debit Card
ORD0477,2025-01-13,CUST1067,Desk,Furniture,East,1,6791.17,0.15,3991.96,5772.49,1780.53,Cash on Delivery
ORD0478,2025-09-21,CUST1011,Backpack,Bags,North,1,1689.3,0.1,1394.23,1520.37,126.14,Credit Card
ORD0479,2025-11-19,CUST1100,Shoes,Fashion,South,5,3014.9,0.0,11307.75,15074.5,3766.75,Cash on Delivery
ORD0480,2025-08-11,CUST1083,Smartphone,Electronics,North,2,23666.0,0.2,33316.24,37865.6,4549.36,Credit Card
ORD0481,2025-04-02,CUST1033,Laptop,Electronics,North,4,50305.73,0.1,123083.76,181100.63,58016.87,Credit Card
ORD0482,2025-06-11,CUST1003,Mouse,Accessories,West,4,882.8,0.15,2386.0,3001.52,615.52,UPI
ORD0483,2025-01-24,CUST1090,Shoes,Fashion,North,1,3357.41,0.2,1810.59,2685.93,875.34,Debit Card
ORD0484,2025-02-14,CUST1037,Shoes,Fashion,West,1,3072.86,0.1,2389.51,2765.57,376.06,Cash on Delivery
ORD0485,2025-07-20,CUST1070,Desk,Furniture,East,1,6135.83,0.15,3829.03,5215.46,1386.43,Credit Card
ORD0486,2025-03-05,CUST1006,Mouse,Accessories,North,3,909.91,0.0,1858.62,2729.73,871.11,Cash on Delivery
ORD0487,2025-06-26,CUST1028,Shoes,Fashion,West,5,3358.91,0.0,10018.75,16794.55,6775.8,Credit Card
ORD0488,2025-02-28,CUST1024,Headphones,Electronics,North,2,2376.37,0.05,3521.1,4515.1,994.0,Cash on Delivery
ORD0489,2025-04-12,CUST1093,Shoes,Fashion,West,1,3040.44,0.1,2297.35,2736.4,439.05,Debit Card
ORD0490,2025-04-10,CUST1041,Office Chair,Furniture,West,2,8703.18,0.05,9775.2,16536.04,6760.84,Cash on Delivery
ORD0491,2025-10-18,CUST1047,Office Chair,Furniture,East,5,7909.07,0.1,30743.0,35590.82,4847.82,Cash on Delivery
ORD0492,2025-11-25,CUST1056,Headphones,Electronics,East,1,2360.76,0.1,1528.86,2124.68,595.82,Debit Card
ORD0493,2025-06-06,CUST1063,Headphones,Electronics,North,3,2429.37,0.15,4992.84,6194.89,1202.05,Credit Card
ORD0494,2025-10-03,CUST1026,Watch,Fashion,East,1,4176.0,0.1,3441.05,3758.4,317.35,UPI
ORD0495,2025-10-24,CUST1052,Smartphone,Electronics,South,1,23375.63,0.2,15573.95,18700.5,3126.55,UPI
ORD0496,2025-12-01,CUST1100,Shoes,Fashion,South,3,3225.39,0.2,7425.57,7740.94,315.37,Debit Card
ORD0497,2025-08-26,CUST1065,Desk,Furniture,North,2,6228.3,0.2,9532.98,9965.28,432.3,Cash on Delivery
ORD0498,2025-11-11,CUST1088,Office Chair,Furniture,South,5,9091.57,0.0,30415.95,45457.85,15041.9,Credit Card
ORD0499,2025-03-16,CUST1095,Backpack,Bags,West,2,1823.69,0.05,2489.72,3465.01,975.29,Debit Card
ORD0500,2025-04-30,CUST1006,Laptop,Electronics,South,2,52407.93,0.15,66873.12,89093.48,22220.36,Debit Card
